<?xml version="1.0" encoding="UTF-8"?>
<metadata xml:lang="es"><Esri><CreaDate>20160331</CreaDate><CreaTime>13042400</CreaTime><ArcGISFormat>1.0</ArcGISFormat><SyncOnce>TRUE</SyncOnce><DataProperties><lineage><Process ToolSource="c:\program files (x86)\arcgis\desktop10.1\ArcToolbox\Toolboxes\Data Management Tools.tbx\CalculateField" Date="20160223" Time="171043">CalculateField Municipios_Colima Area "[Area] /1000000" VB #</Process><Process ToolSource="c:\program files (x86)\arcgis\desktop10.1\ArcToolbox\Toolboxes\Data Management Tools.tbx\Project" Date="20160331" Time="130424">Project Municipios_Colima G:\Capas\Colima\Municipios_Colima_UTM.shp PROJCS['WGS_1984_UTM_Zone_13N',GEOGCS['GCS_WGS_1984',DATUM['D_WGS_1984',SPHEROID['WGS_1984',6378137.0,298.257223563]],PRIMEM['Greenwich',0.0],UNIT['Degree',0.0174532925199433]],PROJECTION['Transverse_Mercator'],PARAMETER['False_Easting',500000.0],PARAMETER['False_Northing',0.0],PARAMETER['Central_Meridian',-105.0],PARAMETER['Scale_Factor',0.9996],PARAMETER['Latitude_Of_Origin',0.0],UNIT['Meter',1.0]] # PROJCS['North_America_Lambert_Conformal_Conic_1',GEOGCS['ITRF92',DATUM['International_Terrestrial_Reference_Frame_1992',SPHEROID['GRS_1980',6378137.0,298.257222101]],PRIMEM['Greenwich',0.0],UNIT['Degree',0.0174532925199433]],PROJECTION['Lambert_Conformal_Conic_2SP'],PARAMETER['False_Easting',2500000.0],PARAMETER['False_Northing',0.0],PARAMETER['Central_Meridian',-102.0],PARAMETER['Standard_Parallel_1',17.5],PARAMETER['Standard_Parallel_2',29.5],PARAMETER['Scale_Factor',1.0],PARAMETER['Latitude_Of_Origin',12.0],UNIT['Metros',1.0]]</Process><Process ToolSource="c:\program files (x86)\arcgis\desktop10.1\ArcToolbox\Toolboxes\Data Management Tools.tbx\CalculateField" Date="20180312" Time="121646">CalculateField Municipios_Colima_UTM llave ""_" &amp; [CVE_ENT] &amp; [CVE_MUN]" VB #</Process><Process ToolSource="c:\program files (x86)\arcgis\desktop10.8\ArcToolbox\Toolboxes\Data Management Tools.tbx\CalculateField" Date="20220309" Time="135230">CalculateField Municipios_Colima_UTM llave "[CVE_ENT] &amp; [CVE_MUN]" VB #</Process><Process ToolSource="c:\program files (x86)\arcgis\desktop10.8\ArcToolbox\Toolboxes\Data Management Tools.tbx\CalculateField" Date="20220309" Time="135414">CalculateField Municipios_Colima_UTM Llave "[CVE_ENT] &amp; [CVE_MUN]" VB #</Process><Process ToolSource="c:\program files (x86)\arcgis\desktop10.8\ArcToolbox\Toolboxes\Data Management Tools.tbx\CalculateField" Date="20220309" Time="141923">CalculateField Municipios_Colima_UTM Llave "[CVE_ENT] &amp; [CVE_MUN] &amp;"00"" VB #</Process><Process ToolSource="c:\program files (x86)\arcgis\desktop10.8\ArcToolbox\Toolboxes\Data Management Tools.tbx\CalculateField" Date="20220309" Time="142001">CalculateField Municipios_Colima_UTM Llave "[CVE_ENT] &amp; [CVE_MUN]" VB #</Process></lineage></DataProperties></Esri></metadata>
